{"stats":{"minecraft:broken":{"minecraft:wooden_axe":1},"minecraft:custom":{"minecraft:time_since_rest":27896,"minecraft:interact_with_furnace":3,"minecraft:sprint_one_cm":65020,"minecraft:damage_taken":225,"minecraft:walk_one_cm":57488,"minecraft:mob_kills":10,"minecraft:damage_dealt":1063,"minecraft:interact_with_crafting_table":2,"minecraft:fly_one_cm":19234,"minecraft:open_chest":2,"minecraft:crouch_one_cm":146,"minecraft:play_time":27896,"minecraft:sneak_time":49,"minecraft:walk_under_water_one_cm":262,"minecraft:jump":301,"minecraft:leave_game":7,"minecraft:time_since_death":27896,"minecraft:walk_on_water_one_cm":3595,"minecraft:total_world_time":27896,"minecraft:fall_one_cm":6443},"minecraft:crafted":{"minecraft:oak_planks":12,"minecraft:crafting_table":1,"minecraft:stick":4,"minecraft:iron_ingot":11,"minecraft:wooden_axe":1},"minecraft:mined":{"minecraft:pumpkin":1,"minecraft:powder_snow":9,"minecraft:crafting_table":1,"minecraft:grass":53,"minecraft:grass_block":5,"minecraft:oak_log":21,"minecraft:chest":1,"minecraft:dirt":1,"minecraft:tall_grass":4,"minecraft:oak_leaves":4},"minecraft:killed":{"minecraft:sheep":5,"minecraft:chicken":2,"minecraft:spider":1,"minecraft:cow":2},"minecraft:used":{"minecraft:wooden_axe":41,"minecraft:flint_and_steel":4,"minecraft:chicken":2,"minecraft:golden_helmet":1,"minecraft:dirt":4,"minecraft:mutton":4,"minecraft:beef":3,"minecraft:crafting_table":1,"minecraft:golden_shovel":3,"minecraft:golden_pickaxe":6},"minecraft:picked_up":{"minecraft:stick":2,"minecraft:crafting_table":1,"minecraft:feather":2,"minecraft:chicken":2,"minecraft:pumpkin":1,"minecraft:leather":3,"minecraft:oak_log":19,"minecraft:dirt":6,"minecraft:string":2,"minecraft:wheat_seeds":7,"minecraft:beef":3,"minecraft:gray_wool":1,"minecraft:light_gray_wool":1,"minecraft:chest":1,"minecraft:mutton":7,"minecraft:white_wool":4}},"DataVersion":3465}