{"stats":{"minecraft:used":{"minecraft:wooden_axe":24,"minecraft:mutton":1,"minecraft:crafting_table":1},"minecraft:crafted":{"minecraft:oak_planks":12,"minecraft:crafting_table":1,"minecraft:stick":4,"minecraft:wooden_axe":1},"minecraft:mined":{"minecraft:grass":3,"minecraft:grass_block":5,"minecraft:oak_log":15,"minecraft:pumpkin":1,"minecraft:oak_leaves":4,"minecraft:crafting_table":1},"minecraft:custom":{"minecraft:play_time":11378,"minecraft:time_since_rest":11378,"minecraft:crouch_one_cm":146,"minecraft:sprint_one_cm":32013,"minecraft:damage_taken":120,"minecraft:walk_one_cm":24658,"minecraft:sneak_time":49,"minecraft:walk_under_water_one_cm":262,"minecraft:mob_kills":4,"minecraft:jump":120,"minecraft:damage_dealt":380,"minecraft:leave_game":2,"minecraft:time_since_death":11378,"minecraft:walk_on_water_one_cm":2377,"minecraft:total_world_time":11378,"minecraft:interact_with_crafting_table":2,"minecraft:fly_one_cm":8720,"minecraft:fall_one_cm":805},"minecraft:picked_up":{"minecraft:stick":2,"minecraft:crafting_table":1,"minecraft:chicken":2,"minecraft:pumpkin":1,"minecraft:wheat_seeds":2,"minecraft:oak_log":13,"minecraft:gray_wool":1,"minecraft:mutton":1,"minecraft:dirt":5,"minecraft:string":2,"minecraft:white_wool":1,"minecraft:feather":2},"minecraft:killed":{"minecraft:sheep":1,"minecraft:spider":1,"minecraft:chicken":2}},"DataVersion":3465}