{"stats":{"minecraft:used":{"minecraft:wooden_axe":17,"minecraft:mutton":1,"minecraft:crafting_table":1},"minecraft:crafted":{"minecraft:oak_planks":12,"minecraft:crafting_table":1,"minecraft:stick":4,"minecraft:wooden_axe":1},"minecraft:mined":{"minecraft:grass":2,"minecraft:grass_block":5,"minecraft:oak_log":13,"minecraft:oak_leaves":4,"minecraft:crafting_table":1},"minecraft:custom":{"minecraft:time_since_rest":6849,"minecraft:crouch_one_cm":146,"minecraft:play_time":6849,"minecraft:sprint_one_cm":15699,"minecraft:damage_taken":120,"minecraft:walk_one_cm":18566,"minecraft:sneak_time":47,"minecraft:walk_under_water_one_cm":262,"minecraft:mob_kills":2,"minecraft:jump":87,"minecraft:damage_dealt":300,"minecraft:leave_game":1,"minecraft:time_since_death":6849,"minecraft:walk_on_water_one_cm":2377,"minecraft:total_world_time":6849,"minecraft:fall_one_cm":805,"minecraft:interact_with_crafting_table":2,"minecraft:fly_one_cm":4955},"minecraft:picked_up":{"minecraft:crafting_table":1,"minecraft:stick":2,"minecraft:wheat_seeds":2,"minecraft:oak_log":12,"minecraft:gray_wool":1,"minecraft:string":2,"minecraft:mutton":1,"minecraft:white_wool":1,"minecraft:dirt":5},"minecraft:killed":{"minecraft:spider":1,"minecraft:sheep":1}},"DataVersion":3465}