{"stats":{"minecraft:killed_by":{"minecraft:spider":2},"minecraft:dropped":{"minecraft:wheat_seeds":1},"minecraft:picked_up":{"minecraft:wheat_seeds":2,"minecraft:dirt":18},"minecraft:used":{"minecraft:wheat_seeds":1,"minecraft:dirt":13},"minecraft:mined":{"minecraft:grass":1,"minecraft:grass_block":10,"minecraft:dirt":8,"minecraft:wheat":1,"minecraft:spruce_leaves":1},"minecraft:custom":{"minecraft:time_since_rest":994,"minecraft:crouch_one_cm":155,"minecraft:sprint_one_cm":36720,"minecraft:play_time":21495,"minecraft:deaths":3,"minecraft:damage_taken":860,"minecraft:walk_one_cm":13592,"minecraft:sneak_time":129,"minecraft:walk_under_water_one_cm":1131,"minecraft:drop":1,"minecraft:jump":70,"minecraft:damage_dealt":53,"minecraft:leave_game":4,"minecraft:walk_on_water_one_cm":805,"minecraft:time_since_death":915,"minecraft:total_world_time":21495,"minecraft:fall_one_cm":7009,"minecraft:fly_one_cm":14475}},"DataVersion":3465}