{"stats":{"minecraft:custom":{"minecraft:jump":13,"minecraft:time_since_rest":430,"minecraft:leave_game":1,"minecraft:damage_dealt":44,"minecraft:deaths":1,"minecraft:sprint_one_cm":7470,"minecraft:play_time":2231,"minecraft:damage_taken":240,"minecraft:time_since_death":384,"minecraft:walk_one_cm":6667,"minecraft:sneak_time":36,"minecraft:total_world_time":2231,"minecraft:fall_one_cm":267,"minecraft:fly_one_cm":2832},"minecraft:mined":{"minecraft:spruce_leaves":1},"minecraft:killed_by":{"minecraft:spider":1}},"DataVersion":3465}