{"stats":{"minecraft:custom":{"minecraft:jump":35,"minecraft:time_since_rest":14467,"minecraft:damage_dealt":53,"minecraft:damage_taken":480,"minecraft:leave_game":2,"minecraft:play_time":17307,"minecraft:sprint_one_cm":12566,"minecraft:time_since_death":13639,"minecraft:walk_one_cm":8904,"minecraft:deaths":2,"minecraft:sneak_time":36,"minecraft:total_world_time":17307,"minecraft:fly_one_cm":5002,"minecraft:fall_one_cm":267},"minecraft:mined":{"minecraft:grass_block":9,"minecraft:spruce_leaves":1,"minecraft:dirt":2},"minecraft:picked_up":{"minecraft:dirt":11},"minecraft:killed_by":{"minecraft:spider":2},"minecraft:used":{"minecraft:dirt":11}},"DataVersion":3465}