{"stats":{"minecraft:custom":{"minecraft:jump":19,"minecraft:time_since_rest":7286,"minecraft:damage_dealt":53,"minecraft:damage_taken":480,"minecraft:leave_game":1,"minecraft:play_time":10126,"minecraft:sprint_one_cm":11924,"minecraft:time_since_death":6458,"minecraft:walk_one_cm":7455,"minecraft:deaths":2,"minecraft:sneak_time":36,"minecraft:total_world_time":10126,"minecraft:fly_one_cm":4593,"minecraft:fall_one_cm":267},"minecraft:mined":{"minecraft:spruce_leaves":1},"minecraft:picked_up":{"minecraft:dirt":2},"minecraft:killed_by":{"minecraft:spider":2}},"DataVersion":3465}