{"stats":{"minecraft:custom":{"minecraft:time_since_rest":89456,"minecraft:crouch_one_cm":120,"minecraft:sprint_one_cm":9162,"minecraft:play_time":89456,"minecraft:damage_taken":140,"minecraft:walk_one_cm":27208,"minecraft:sneak_time":353,"minecraft:walk_under_water_one_cm":2226,"minecraft:jump":106,"minecraft:damage_dealt":10,"minecraft:leave_game":7,"minecraft:walk_on_water_one_cm":8417,"minecraft:time_since_death":89456,"minecraft:total_world_time":89456,"minecraft:interact_with_crafting_table":2,"minecraft:fall_one_cm":1165,"minecraft:fly_one_cm":2222},"minecraft:crafted":{"minecraft:oak_planks":76,"minecraft:crafting_table":1,"minecraft:stick":12,"minecraft:wooden_pickaxe":1,"minecraft:wooden_axe":1},"minecraft:mined":{"minecraft:grass":2,"minecraft:grass_block":14,"minecraft:oak_log":19,"minecraft:dirt":4,"minecraft:oak_planks":2},"minecraft:used":{"minecraft:wooden_axe":13,"minecraft:dirt":17,"minecraft:crafting_table":1,"minecraft:oak_planks":12},"minecraft:picked_up":{"minecraft:oak_log":19,"minecraft:oak_planks":2,"minecraft:dirt":17}},"DataVersion":3465}