{"stats":{"minecraft:custom":{"minecraft:jump":12,"minecraft:time_since_rest":4719,"minecraft:sprint_one_cm":2265,"minecraft:leave_game":4,"minecraft:play_time":4719,"minecraft:walk_on_water_one_cm":2468,"minecraft:time_since_death":4719,"minecraft:walk_one_cm":1830,"minecraft:sneak_time":40,"minecraft:total_world_time":4719,"minecraft:walk_under_water_one_cm":628,"minecraft:fall_one_cm":209,"minecraft:fly_one_cm":607},"minecraft:mined":{"minecraft:grass_block":2},"minecraft:picked_up":{"minecraft:dirt":2}},"DataVersion":3465}