{"stats":{"minecraft:custom":{"minecraft:time_since_rest":10555,"minecraft:crouch_one_cm":6,"minecraft:sprint_one_cm":17641,"minecraft:play_time":16874,"minecraft:deaths":1,"minecraft:damage_taken":230,"minecraft:walk_one_cm":8298,"minecraft:sneak_time":64,"minecraft:jump":40,"minecraft:time_since_death":6537,"minecraft:leave_game":2,"minecraft:total_world_time":16874,"minecraft:interact_with_crafting_table":1,"minecraft:fall_one_cm":476,"minecraft:fly_one_cm":4633},"minecraft:mined":{"minecraft:grass_block":8,"minecraft:dirt":1,"minecraft:spruce_leaves":4,"minecraft:spruce_log":10},"minecraft:picked_up":{"minecraft:stick":2,"minecraft:spruce_sapling":2,"minecraft:spruce_log":10,"minecraft:dirt":7},"minecraft:used":{"minecraft:dirt":6,"minecraft:crafting_table":1},"minecraft:crafted":{"minecraft:crafting_table":1,"minecraft:spruce_planks":16,"minecraft:stick":24}},"DataVersion":3465}