{"stats":{"minecraft:custom":{"minecraft:time_since_rest":17544,"minecraft:crouch_one_cm":360,"minecraft:sprint_one_cm":52909,"minecraft:play_time":23863,"minecraft:deaths":1,"minecraft:damage_taken":230,"minecraft:walk_one_cm":18919,"minecraft:sneak_time":108,"minecraft:jump":86,"minecraft:time_since_death":13526,"minecraft:leave_game":3,"minecraft:total_world_time":23863,"minecraft:interact_with_crafting_table":3,"minecraft:fall_one_cm":894,"minecraft:fly_one_cm":13169},"minecraft:mined":{"minecraft:grass":19,"minecraft:grass_block":8,"minecraft:dirt":1,"minecraft:spruce_leaves":6,"minecraft:spruce_log":13},"minecraft:picked_up":{"minecraft:stick":2,"minecraft:wheat_seeds":5,"minecraft:spruce_sapling":2,"minecraft:spruce_log":13,"minecraft:dirt":8},"minecraft:used":{"minecraft:wheat_seeds":5,"minecraft:wooden_hoe":14,"minecraft:wooden_axe":3,"minecraft:dirt":6,"minecraft:crafting_table":2},"minecraft:crafted":{"minecraft:wooden_hoe":1,"minecraft:crafting_table":2,"minecraft:spruce_planks":40,"minecraft:stick":24,"minecraft:wooden_pickaxe":1,"minecraft:wooden_axe":1}},"DataVersion":3465}