{"stats":{"minecraft:custom":{"minecraft:time_since_rest":491,"minecraft:deaths":1,"minecraft:crouch_one_cm":148,"minecraft:play_time":110530,"minecraft:sprint_one_cm":22352,"minecraft:damage_taken":410,"minecraft:walk_one_cm":38725,"minecraft:sneak_time":444,"minecraft:walk_under_water_one_cm":4519,"minecraft:jump":206,"minecraft:damage_dealt":10,"minecraft:leave_game":9,"minecraft:time_since_death":445,"minecraft:walk_on_water_one_cm":18181,"minecraft:total_world_time":110530,"minecraft:swim_one_cm":3709,"minecraft:interact_with_crafting_table":4,"minecraft:fall_one_cm":5714,"minecraft:fly_one_cm":8874},"minecraft:crafted":{"minecraft:oak_planks":76,"minecraft:stone_axe":1,"minecraft:crafting_table":2,"minecraft:stick":12,"minecraft:stone_pickaxe":2,"minecraft:wooden_pickaxe":1,"minecraft:wooden_axe":1},"minecraft:mined":{"minecraft:grass":3,"minecraft:grass_block":18,"minecraft:oak_log":23,"minecraft:dirt":5,"minecraft:stone":31,"minecraft:oak_planks":2},"minecraft:used":{"minecraft:stone_axe":4,"minecraft:wooden_axe":13,"minecraft:dirt":18,"minecraft:crafting_table":2,"minecraft:stone_pickaxe":25,"minecraft:oak_planks":12,"minecraft:wooden_pickaxe":6},"minecraft:picked_up":{"minecraft:oak_log":23,"minecraft:oak_planks":2,"minecraft:dirt":38,"minecraft:cobblestone":31}},"DataVersion":3465}