{"stats":{"minecraft:custom":{"minecraft:time_since_rest":101456,"minecraft:crouch_one_cm":120,"minecraft:sprint_one_cm":10431,"minecraft:play_time":101456,"minecraft:damage_taken":150,"minecraft:walk_one_cm":28793,"minecraft:sneak_time":421,"minecraft:walk_under_water_one_cm":3583,"minecraft:jump":124,"minecraft:damage_dealt":10,"minecraft:leave_game":7,"minecraft:walk_on_water_one_cm":11217,"minecraft:time_since_death":101456,"minecraft:total_world_time":101456,"minecraft:swim_one_cm":458,"minecraft:interact_with_crafting_table":2,"minecraft:fall_one_cm":1641,"minecraft:fly_one_cm":3127},"minecraft:crafted":{"minecraft:oak_planks":76,"minecraft:crafting_table":1,"minecraft:stick":12,"minecraft:wooden_pickaxe":1,"minecraft:wooden_axe":1},"minecraft:mined":{"minecraft:grass":3,"minecraft:grass_block":18,"minecraft:oak_log":19,"minecraft:dirt":5,"minecraft:oak_planks":2},"minecraft:used":{"minecraft:wooden_axe":13,"minecraft:dirt":17,"minecraft:crafting_table":1,"minecraft:oak_planks":12},"minecraft:picked_up":{"minecraft:oak_log":19,"minecraft:oak_planks":2,"minecraft:dirt":38}},"DataVersion":3465}