{"stats":{"minecraft:custom":{"minecraft:jump":20,"minecraft:time_since_rest":8370,"minecraft:leave_game":5,"minecraft:play_time":8370,"minecraft:sprint_one_cm":3185,"minecraft:time_since_death":8370,"minecraft:walk_on_water_one_cm":4742,"minecraft:walk_one_cm":3352,"minecraft:sneak_time":40,"minecraft:total_world_time":8370,"minecraft:walk_under_water_one_cm":1424,"minecraft:fall_one_cm":418,"minecraft:fly_one_cm":747},"minecraft:mined":{"minecraft:grass":2,"minecraft:grass_block":2},"minecraft:picked_up":{"minecraft:dirt":2}},"DataVersion":3465}